pipeline,max_depth,min_samples_leaf,fold,train_rows,validation_rows,mae,mse,rmse,r2
without_pca,2,1,1,264,67,5.506910946636382,64.208753666191,8.013036482270063,0.6085714274747784
without_pca,2,5,1,264,67,5.506910946636382,64.208753666191,8.013036482270063,0.6085714274747784
without_pca,2,10,1,264,67,5.506910946636382,64.208753666191,8.013036482270063,0.6085714274747784
without_pca,2,20,1,264,67,5.312515773039905,59.89380666658866,7.739108906494899,0.6348761514904022
without_pca,3,1,1,264,67,5.398395203469829,76.22040825473638,8.730430015453786,0.5353461343363443
without_pca,3,5,1,264,67,5.034978093616798,54.30607061527591,7.369265269704702,0.6689400356390325
without_pca,3,10,1,264,67,4.836804128278653,50.114053715313304,7.079128033544336,0.6944953547733139
without_pca,3,20,1,264,67,4.684484134839257,47.155564597669425,6.866990942011604,0.7125308578165774
without_pca,4,1,1,264,67,5.433859937600135,70.89997546572128,8.420212317140304,0.5677804877992294
without_pca,4,5,1,264,67,5.300604297035451,63.04809038609569,7.940282764870259,0.615647047931018
without_pca,4,10,1,264,67,5.302624840857827,59.48565670967667,7.712694516812958,0.6373643099717343
without_pca,4,20,1,264,67,5.2873095642114585,53.688448553834,7.327240173068848,0.6727051752511037
without_pca,5,1,1,264,67,5.455432034746311,72.86772645596969,8.536259511985897,0.555784709697036
without_pca,5,5,1,264,67,5.590865177275994,75.21588678934178,8.67270931078298,0.5414698850840152
without_pca,5,10,1,264,67,5.5681366385699125,64.4469451569919,8.02788547233902,0.6071193675934021
without_pca,5,20,1,264,67,5.254790041619044,53.51216311424916,7.315200825284919,0.6737798442648086
without_pca,none,1,1,264,67,6.588059701492537,95.52977611940298,9.773933502914934,0.417632616037505
without_pca,none,5,1,264,67,6.220968964700309,75.64155131198693,8.697215146929903,0.5388749545338937
without_pca,none,10,1,264,67,5.654645805293188,64.53325955492718,8.033259584684611,0.6065931788785763
without_pca,none,20,1,264,67,5.254790041619044,53.51216311424916,7.315200825284919,0.6737798442648086
with_pca,2,1,1,264,67,6.4368127277452185,67.84424237142844,8.236761643475452,0.586408808313523
with_pca,2,5,1,264,67,6.4368127277452185,67.84424237142844,8.236761643475452,0.586408808313523
with_pca,2,10,1,264,67,6.4368127277452185,67.84424237142844,8.236761643475452,0.586408808313523
with_pca,2,20,1,264,67,6.47999219395474,68.14169181584228,8.254798108726964,0.5845955008627877
with_pca,3,1,1,264,67,5.650338524097777,60.74390415062101,7.793837575329692,0.62969379821795
with_pca,3,5,1,264,67,5.650338524097777,60.74390415062101,7.793837575329692,0.62969379821795
with_pca,3,10,1,264,67,5.649229782093514,60.473776178238026,7.776488679232937,0.6313405488647341
with_pca,3,20,1,264,67,6.2878744416906205,69.92568551902848,8.362157946309582,0.5737199415541221
with_pca,4,1,1,264,67,5.666104627239741,66.32837897468897,8.144223656966266,0.595649795120613
with_pca,4,5,1,264,67,5.885058074290202,67.37424605920128,8.208181653642985,0.5892739937451483
with_pca,4,10,1,264,67,5.6105881967869635,63.11865691353974,7.94472509993516,0.6152168611803284
with_pca,4,20,1,264,67,6.673462195956233,77.07332386392285,8.779141408128863,0.5301466012458254
with_pca,5,1,1,264,67,6.594406054144861,140.18181438172195,11.839840133283976,0.14542543867620183
with_pca,5,5,1,264,67,6.028575092422715,63.27501199126211,7.954559195283049,0.6142636913804891
with_pca,5,10,1,264,67,5.548375689649083,61.4150794071191,7.836777361078921,0.6256021883117507
with_pca,5,20,1,264,67,6.673462195956233,77.07332386392285,8.779141408128863,0.5301466012458254
with_pca,none,1,1,264,67,9.358955223880598,212.07227611940303,14.56270153918575,-0.29283226310779376
with_pca,none,5,1,264,67,6.46055377872542,69.94952959886413,8.36358353810519,0.5735745835834354
with_pca,none,10,1,264,67,5.530292721118354,59.68820926319448,7.725814472480845,0.6361295117182594
with_pca,none,20,1,264,67,6.673462195956233,77.07332386392285,8.779141408128863,0.5301466012458254
without_pca,2,1,2,265,66,7.987921214882936,178.9794741613799,13.378321051663393,0.39222246451839304
without_pca,2,5,2,265,66,7.987921214882936,178.9794741613799,13.378321051663393,0.39222246451839304
without_pca,2,10,2,265,66,7.987921214882936,178.9794741613799,13.378321051663393,0.39222246451839304
without_pca,2,20,2,265,66,7.47237615388333,172.80832259824192,13.14565793706203,0.41317842779687264
without_pca,3,1,2,265,66,6.764453239110889,147.4220798907013,12.14174945758235,0.4993848942099708
without_pca,3,5,2,265,66,6.764453239110889,147.4220798907013,12.14174945758235,0.4993848942099708
without_pca,3,10,2,265,66,6.885389878229344,149.47273743028447,12.225904360426041,0.4924212823692026
without_pca,3,20,2,265,66,6.769224326609248,147.05074562938347,12.126448186892297,0.5006458690968459
without_pca,4,1,2,265,66,6.9619695186583055,171.57700812917926,13.098740707761921,0.41735971884667733
without_pca,4,5,2,265,66,6.868670440924446,168.13598076146306,12.966725907547481,0.4290447410698939
without_pca,4,10,2,265,66,6.636125569223978,156.51646316436614,12.5106539862777,0.46850223641531585
without_pca,4,20,2,265,66,6.886244243826532,152.84445722328323,12.363027833960547,0.4809716144353501
without_pca,5,1,2,265,66,6.537374841186172,165.75132311672775,12.874444575076929,0.4371425486708804
without_pca,5,5,2,265,66,6.450384964262085,159.25912811378183,12.619791127977587,0.45918870953510704
without_pca,5,10,2,265,66,6.538075724780272,155.10498663346462,12.45411524892333,0.47329532082547543
without_pca,5,20,2,265,66,6.858108978126048,152.51694724104115,12.34977518989885,0.4820837710711062
without_pca,none,1,2,265,66,6.112121212121211,133.40977272727272,11.550314832387588,0.546967811491988
without_pca,none,5,2,265,66,6.164181096681096,151.23039314598174,12.297576718442611,0.48645264454569204
without_pca,none,10,2,265,66,6.475126695694877,150.80189341472345,12.280142239189392,0.48790774162785167
without_pca,none,20,2,265,66,6.858108978126048,152.51694724104115,12.34977518989885,0.4820837710711062
with_pca,2,1,2,265,66,9.14703544494833,205.10707456563784,14.32155978117041,0.3034984996271459
with_pca,2,5,2,265,66,9.14703544494833,205.10707456563784,14.32155978117041,0.3034984996271459
with_pca,2,10,2,265,66,9.14703544494833,205.10707456563784,14.32155978117041,0.3034984996271459
with_pca,2,20,2,265,66,9.14703544494833,205.10707456563784,14.32155978117041,0.3034984996271459
with_pca,3,1,2,265,66,8.411454306647968,193.0618580546651,13.894670131192935,0.3444015810541281
with_pca,3,5,2,265,66,8.411454306647968,193.0618580546651,13.894670131192935,0.3444015810541281
with_pca,3,10,2,265,66,8.531611042861043,185.70856285029743,13.627492904063367,0.36937186134978706
with_pca,3,20,2,265,66,8.833715168930686,189.94655016669586,13.78210978648392,0.3549805268203289
with_pca,4,1,2,265,66,8.054156548058987,192.791155833846,13.884925488955496,0.3453208301992591
with_pca,4,5,2,265,66,8.19994769119769,190.7471228285194,13.81112315593918,0.3522619464822374
with_pca,4,10,2,265,66,8.1997049681077,170.95167721120808,13.074849032061826,0.4194832142137622
with_pca,4,20,2,265,66,8.822957593173111,189.72465005417715,13.77405713848237,0.35573405402863933
with_pca,5,1,2,265,66,8.086520511881012,195.4145377311406,13.979074995547473,0.33641236406572284
with_pca,5,5,2,265,66,8.144171972373382,196.59633639801964,14.02128155333954,0.3323992185105875
with_pca,5,10,2,265,66,8.185643826613077,171.94275296529509,13.11269434423357,0.4161177244998331
with_pca,5,20,2,265,66,8.53284645039739,183.94066483912337,13.562472666852582,0.37537527990517605
with_pca,none,1,2,265,66,8.868939393939394,251.3900378787879,15.855284225733321,0.1463310618019107
with_pca,none,5,2,265,66,8.490151515151515,217.432980501443,14.745608854891106,0.2616422545613736
with_pca,none,10,2,265,66,8.088253540131884,165.7830942894417,12.87567840113451,0.43703466029350124
with_pca,none,20,2,265,66,8.53284645039739,183.94066483912337,13.562472666852582,0.37537527990517605
without_pca,2,1,3,265,66,6.196119257086998,73.2606124546016,8.559241348075284,0.5131856779060451
without_pca,2,5,3,265,66,6.196119257086998,73.2606124546016,8.559241348075284,0.5131856779060451
without_pca,2,10,3,265,66,6.196119257086998,73.2606124546016,8.559241348075284,0.5131856779060451
without_pca,2,20,3,265,66,6.368240469208209,76.37845889821722,8.739477038027918,0.4924676924567376
without_pca,3,1,3,265,66,5.800754723143679,65.96502938691894,8.121885827005878,0.5616645836423972
without_pca,3,5,3,265,66,5.914540670044382,69.0645468110533,8.310508216171458,0.5410683939151628
without_pca,3,10,3,265,66,5.96332854883226,69.99249226559876,8.366151580362308,0.5349022273727435
without_pca,3,20,3,265,66,6.132964912468624,73.20850693226544,8.556196990033916,0.5135319173611022
without_pca,4,1,3,265,66,6.092737182172667,63.34758314817214,7.959119495784201,0.5790574264489259
without_pca,4,5,3,265,66,5.844683441558442,58.78166584967192,7.666920232379617,0.6093977943483051
without_pca,4,10,3,265,66,5.84268911704224,68.10887022973351,8.252809838457052,0.5474188328684895
without_pca,4,20,3,265,66,5.866862502311932,72.78300758228154,8.531295773930331,0.5163593463256386
without_pca,5,1,3,265,66,6.109363237772328,74.02516486370259,8.60378782070447,0.508105252691576
without_pca,5,5,3,265,66,5.918380996108269,61.21802314242439,7.824194728048656,0.5932082815376534
without_pca,5,10,3,265,66,6.03500344100344,74.24422029708553,8.616508590901859,0.5066496366554776
without_pca,5,20,3,265,66,5.795256803046658,72.12911557640794,8.492886174699855,0.5207044368578708
without_pca,none,1,3,265,66,6.418181818181819,94.62151515151515,9.727359104685874,0.37124319316150556
without_pca,none,5,3,265,66,5.623109668109669,60.28765348209992,7.764512443296097,0.5993905568464806
without_pca,none,10,3,265,66,5.955959192322826,72.70290293543071,8.526599728815157,0.5168916390276336
without_pca,none,20,3,265,66,5.795256803046658,72.12911557640794,8.492886174699855,0.5207044368578708
with_pca,2,1,3,265,66,6.712103554183091,93.99399307582011,9.695049926422252,0.37541305638873124
with_pca,2,5,3,265,66,6.712103554183091,93.99399307582011,9.695049926422252,0.37541305638873124
with_pca,2,10,3,265,66,6.712103554183091,93.99399307582011,9.695049926422252,0.37541305638873124
with_pca,2,20,3,265,66,6.7061710925890035,92.9601530214283,9.641584570050107,0.382282889009148
with_pca,3,1,3,265,66,6.964371656924258,86.8680734296962,9.320304363576128,0.4227645543573496
with_pca,3,5,3,265,66,6.747010545813146,83.42320561088306,9.133630472647942,0.4456555859189273
with_pca,3,10,3,265,66,6.806205435890391,84.38995736283162,9.186400675064833,0.4392315528267986
with_pca,3,20,3,265,66,6.859121214166817,83.7409991262505,9.15101082538156,0.44354385862692136
with_pca,4,1,3,265,66,7.42972111222111,107.1881867405714,10.353172786183539,0.28773808030983816
with_pca,4,5,3,265,66,6.774462395892878,98.04722969491662,9.901880109096282,0.34847943447511964
with_pca,4,10,3,265,66,7.029491340804175,99.19593339860084,9.95971552799581,0.3408463367427961
with_pca,4,20,3,265,66,6.820190614660311,90.79176272593426,9.528471164144554,0.3966917700759036
with_pca,5,1,3,265,66,7.631384383590265,107.07118565550417,10.347520749218344,0.288515548611056
with_pca,5,5,3,265,66,6.809488063844125,98.36082202201472,9.917702456820063,0.3463956239388001
with_pca,5,10,3,265,66,7.173180323835405,100.88421420191449,10.044113410446663,0.32962776721092557
with_pca,5,20,3,265,66,6.862903457373152,90.77091212740953,9.527376980439556,0.39683032160647347
with_pca,none,1,3,265,66,8.576515151515153,146.4473106060606,12.101541662369328,0.0268625138869657
with_pca,none,5,3,265,66,6.491271645021646,93.78399973051089,9.684213944895625,0.37680845515234784
with_pca,none,10,3,265,66,7.08637919567064,101.67213700055645,10.083260236677244,0.3243920465387711
with_pca,none,20,3,265,66,6.862903457373152,90.77091212740953,9.527376980439556,0.39683032160647347
without_pca,2,1,4,265,66,5.114415287595667,45.17177135249682,6.720994818663144,0.6758874774223614
without_pca,2,5,4,265,66,5.114415287595667,45.17177135249682,6.720994818663144,0.6758874774223614
without_pca,2,10,4,265,66,5.114415287595667,45.17177135249682,6.720994818663144,0.6758874774223614
without_pca,2,20,4,265,66,5.494925324675325,50.34002862898116,7.09507072755312,0.6388046521742657
without_pca,3,1,4,265,66,4.915677675027778,39.9579827341147,6.321232691027495,0.7132969951520001
without_pca,3,5,4,265,66,4.54241124448862,32.11467757400742,5.666981345831961,0.7695735888005257
without_pca,3,10,4,265,66,4.630845587922963,32.73342319690305,5.721313065800809,0.7651340196035235
without_pca,3,20,4,265,66,5.012480906627248,38.15926887624902,6.177318906795166,0.7262029686928401
without_pca,4,1,4,265,66,5.563450543389752,50.35690350622622,7.096259825163268,0.6386835730385949
without_pca,4,5,4,265,66,4.920200398355945,40.942369218407244,6.3986224469339685,0.7062339117912508
without_pca,4,10,4,265,66,5.289554302315247,47.99294292180809,6.927693910805246,0.6556452551986972
without_pca,4,20,4,265,66,5.218150494491958,42.71495353976598,6.535667796007228,0.6935154206036034
without_pca,5,1,4,265,66,4.6875655584960585,36.909511641197646,6.075319879742765,0.7351701169346316
without_pca,5,5,4,265,66,4.7951328217237315,39.4226916436036,6.278749210121679,0.717137768725058
without_pca,5,10,4,265,66,5.2444772062953895,47.11420566713494,6.86397885101163,0.661950293495127
without_pca,5,20,4,265,66,5.351222943722944,43.295646029149594,6.57994270713276,0.6893488869047737
without_pca,none,1,4,265,66,5.68560606060606,60.668219696969686,7.7889806584025925,0.564698723615753
without_pca,none,5,4,265,66,4.907669552669552,42.0769618828592,6.486675718953369,0.6980930822518467
without_pca,none,10,4,265,66,5.47542958724777,48.880516852014594,6.991460280371662,0.6492768127648478
without_pca,none,20,4,265,66,5.351222943722944,43.295646029149594,6.57994270713276,0.6893488869047737
with_pca,2,1,4,265,66,5.9510874555835045,55.886389756498254,7.475720015924771,0.5990088894148592
with_pca,2,5,4,265,66,5.9510874555835045,55.886389756498254,7.475720015924771,0.5990088894148592
with_pca,2,10,4,265,66,5.9510874555835045,55.886389756498254,7.475720015924771,0.5990088894148592
with_pca,2,20,4,265,66,5.9510874555835045,55.886389756498254,7.475720015924771,0.5990088894148592
with_pca,3,1,4,265,66,5.741158479201959,52.805706870779595,7.266753530344867,0.6211131344213336
with_pca,3,5,4,265,66,6.051729628482787,57.78016859733064,7.601326765593664,0.5854208139657786
with_pca,3,10,4,265,66,5.959381143634301,56.75407058878238,7.533529756281738,0.5927831821883408
with_pca,3,20,4,265,66,6.021387719658473,58.12197669720888,7.623777062402132,0.5829683025372473
with_pca,4,1,4,265,66,5.563574733012374,49.34587642433368,7.024662014953722,0.6459378056731622
with_pca,4,5,4,265,66,6.389359725930453,66.53710725385064,8.15702808955876,0.5225887975749614
with_pca,4,10,4,265,66,6.268806154040563,63.42718285970663,7.964118460928782,0.5449028536819516
with_pca,4,20,4,265,66,6.314932884866381,63.27516560642118,7.954568851070508,0.5459935945132816
with_pca,5,1,4,265,66,5.176967980706371,40.72829152886797,6.381872102202298,0.7077699432088085
with_pca,5,5,4,265,66,6.290417940645213,62.831084587006664,7.9266061203396925,0.5491799256028489
with_pca,5,10,4,265,66,6.056992507836163,56.05472086019344,7.48697007207812,0.597801094878285
with_pca,5,20,4,265,66,6.114311436409435,57.486833770342784,7.582007238874333,0.5875255242281459
with_pca,none,1,4,265,66,5.299999999999999,51.18553030303031,7.154406355738421,0.6327380828940565
with_pca,none,5,4,265,66,5.929659692159691,58.93079435783572,7.676639522462659,0.5771649451651077
with_pca,none,10,4,265,66,6.169882244362261,58.937148362029,7.6770533645422185,0.5771193544728261
with_pca,none,20,4,265,66,6.114311436409435,57.486833770342784,7.582007238874333,0.5875255242281459
without_pca,2,1,5,265,66,5.648940554975036,51.99886019651749,7.211023519342971,0.7066989396375509
without_pca,2,5,5,265,66,5.648940554975036,51.99886019651749,7.211023519342971,0.7066989396375509
without_pca,2,10,5,265,66,5.648940554975036,51.99886019651749,7.211023519342971,0.7066989396375509
without_pca,2,20,5,265,66,6.145026413560895,59.56908031941311,7.7181008233511115,0.6639988961975385
without_pca,3,1,5,265,66,6.510578227593774,127.04170433634067,11.27127784842254,0.28341762778490753
without_pca,3,5,5,265,66,5.676371688518817,50.39984904065534,7.0992851077172086,0.7157182078633026
without_pca,3,10,5,265,66,5.284136840033969,45.424003870200785,6.739733219512534,0.7437846050723598
without_pca,3,20,5,265,66,5.62838023088023,48.85702799470359,6.989780253677765,0.724420534164629
without_pca,4,1,5,265,66,6.542229141224451,128.37823078808515,11.330411766042978,0.275878912051185
without_pca,4,5,5,265,66,5.834525649632602,52.34639489701272,7.235080849376372,0.7047386602048333
without_pca,4,10,5,265,66,5.985903198092345,55.710322329214605,7.463934775251898,0.6857643311691899
without_pca,4,20,5,265,66,6.099037114845937,54.93961730791173,7.412126368857437,0.6901115149174586
without_pca,5,1,5,265,66,6.094462160151278,120.31056313307937,10.96861719329649,0.32138482254465206
without_pca,5,5,5,265,66,5.811986931491649,59.53800126597662,7.7160871733007665,0.6641741984886567
without_pca,5,10,5,265,66,6.018290800143812,54.98442122574626,7.415148091963252,0.6898587971355765
without_pca,5,20,5,265,66,6.106004844086394,54.224756054033755,7.363746061213257,0.694143710296012
without_pca,none,1,5,265,66,8.210606060606061,170.8394696969697,13.070557359843907,0.03637507775150184
without_pca,none,5,5,265,66,5.96400012025012,62.58116571976854,7.910825855735199,0.647009142220476
without_pca,none,10,5,265,66,5.9795806742745965,57.07239849360695,7.554627621107936,0.6780815015494467
without_pca,none,20,5,265,66,6.106004844086394,54.224756054033755,7.363746061213257,0.694143710296012
with_pca,2,1,5,265,66,6.699362041467305,73.91402906162266,8.597326855576835,0.5830858019290448
with_pca,2,5,5,265,66,6.699362041467305,73.91402906162266,8.597326855576835,0.5830858019290448
with_pca,2,10,5,265,66,6.699362041467305,73.91402906162266,8.597326855576835,0.5830858019290448
with_pca,2,20,5,265,66,6.705825143325143,73.94750056164885,8.599273257761313,0.5828970049744097
with_pca,3,1,5,265,66,5.875527426634321,61.84879498690709,7.864400484900746,0.6511401003167666
with_pca,3,5,5,265,66,5.9988591394847495,62.85409683985669,7.928057570417655,0.6454696664199444
with_pca,3,10,5,265,66,6.151121613852487,64.74312272000475,8.04631112498173,0.6348145618348511
with_pca,3,20,5,265,66,6.162680786847451,65.02780813768122,8.063982151374171,0.6332087855820896
with_pca,4,1,5,265,66,6.322719987091732,70.1054629304308,8.372900508810003,0.6045681282823039
with_pca,4,5,5,265,66,5.9435557590557595,62.427841642301175,7.901129137174077,0.647873971071153
with_pca,4,10,5,265,66,6.3325391976444605,69.31505301693659,8.325566228007354,0.6090264580393929
with_pca,4,20,5,265,66,6.20959410199751,66.0368703279533,8.126307299625907,0.6275171413948911
with_pca,5,1,5,265,66,6.369148977408401,69.76985018176623,8.352834859002435,0.6064611616042356
with_pca,5,5,5,265,66,6.3472455531564576,66.16433905778138,8.134146486127563,0.6267981503731583
with_pca,5,10,5,265,66,6.48758402594937,67.90310814904328,8.240334225566539,0.6169905735096424
with_pca,5,20,5,265,66,6.263332030735437,67.31033631810884,8.20428767889747,0.620334120001027
with_pca,none,1,5,265,66,7.985606060606061,114.00170454545453,10.677158074387329,0.3569701201152906
with_pca,none,5,5,265,66,6.329990981240981,65.94089294964476,8.120399802327762,0.6280585045463585
with_pca,none,10,5,265,66,6.68360209965473,73.07897689163084,8.548624268947071,0.5877959376126145
with_pca,none,20,5,265,66,6.263332030735437,67.31033631810884,8.20428767889747,0.620334120001027
