No,Y house price of unit area,PC1
1,37.9,-2.1350974515564918
2,42.2,-1.7531059323203746
3,47.3,-1.3622052449177424
4,54.8,-1.3684702596924005
5,43.1,-1.1512190600056393
6,32.1,1.5421749807910727
7,40.3,-1.1816611642424482
8,46.7,-1.349196273156589
9,18.8,4.786763137994815
10,22.1,1.1854281124753772
11,41.4,-0.007458206498942564
12,58.1,-1.715939925965078
13,39.3,-0.41803901309651503
14,23.8,1.654004425037956
15,34.3,-0.7599325747030259
16,50.5,-0.7855829887045513
17,70.1,-1.3196839670515963
18,37.4,-0.03685353022308108
19,42.3,-1.2308904923010018
20,47.7,-1.1723900017486744
21,29.3,1.6762210033502245
22,51.6,-1.423667273139668
23,24.6,0.7087214238699022
24,47.9,-1.4485679298219256
25,38.8,-0.6236769815301857
26,27.0,0.8052795531978768
27,56.2,-1.268185261783794
28,33.6,-0.21406246941406842
29,47.0,-0.5378633407584436
30,57.1,-1.1195558357821072
31,22.1,4.218807743885672
32,25.0,-1.1556892510543761
33,34.2,-0.022286600780981932
34,49.3,-1.2886876763176542
35,55.1,-1.7329030120675941
36,27.3,0.8800820391341693
37,22.9,1.5088793134606324
38,25.3,0.7285925435157211
39,47.7,-1.1268218357986468
40,46.2,-1.3070635544233955
41,15.9,3.967182437360331
42,18.2,3.958030470364807
43,34.7,-0.3082253403596518
44,34.1,-1.583076737290993
45,53.9,-0.8671031654625937
46,38.3,-1.3194874242844792
47,42.0,-1.4499459036996796
48,61.5,-0.36874349242994275
49,13.4,4.306612389644331
50,13.2,3.9728905163090684
51,44.2,-0.5735358937816232
52,20.7,0.6768867069341689
53,27.0,0.6992920522400202
54,38.9,-0.4056285466365003
55,51.7,-1.3132887223529646
56,13.7,1.4569806002024868
57,41.9,-1.2884295100894922
58,53.5,-0.6369721681257583
59,22.6,4.035181997341798
60,42.4,-0.10916771731803598
61,21.3,1.5495101603317771
62,63.2,-1.2797630991531035
63,27.7,1.558052736059544
64,55.0,-0.8670633110994896
65,25.3,0.3075679696375352
66,44.3,-1.6308444025024456
67,50.7,-0.8362089238446305
68,56.8,-0.7150541001125332
69,36.2,-1.1044001868988358
70,42.0,-1.4182715655389055
71,59.0,-1.69726443721239
72,40.8,-0.4061741786615281
73,36.3,-1.3234546961599065
74,20.0,3.9796327657014596
75,54.4,-1.9208849024834251
76,29.5,0.7535330470430736
77,36.8,-0.4550165852725868
78,25.6,1.553427048231278
79,29.8,-0.20465550139914762
80,26.5,0.731439646065829
81,40.3,-0.876994927279755
82,36.8,-0.6709813577339608
83,48.1,-1.1208326493511658
84,17.7,2.025507150590549
85,43.7,-1.0905264711211229
86,50.8,-1.4689023764075235
87,27.0,0.7620474029543403
88,18.3,3.9642556307763672
89,48.0,0.360878210868986
90,25.3,3.758686367553599
91,45.4,-0.015177499609446716
92,43.2,0.3846451253243211
93,21.8,1.672719768153748
94,16.1,1.451810178364319
95,41.0,-0.7138312802320983
96,51.8,-0.7587099467556785
97,59.5,-1.7097147580355085
98,34.6,-0.3418996625976315
99,51.0,-1.2883482113076026
100,62.2,-1.7097147580355085
101,38.2,-0.7509735873125675
102,32.9,-0.002833958480569487
103,54.4,-0.8299837634330712
104,45.7,-0.4211709421717677
105,30.5,-0.7747370020003008
106,71.0,-1.351009055960935
107,47.1,-1.6361126713206051
108,26.6,0.7410428643388407
109,34.1,-0.08359774370934053
110,28.4,1.5920099268539014
111,51.6,-0.746219771569455
112,39.4,-1.4148883653520157
113,23.1,1.5900009609211592
114,7.6,-0.4896243966616987
115,53.3,-1.800586584319391
116,46.4,-0.7315913614917336
117,12.2,5.601730031409074
118,13.0,4.116544405359207
119,30.6,1.0638259418203493
120,59.6,-1.282162905259147
121,31.3,-0.3993635243438265
122,48.0,-0.37442302081647444
123,32.5,-1.1304117374801665
124,45.5,0.24247854258081616
125,57.4,-1.4610182506450449
126,48.6,-0.8237187411403976
127,62.9,-0.5104598190651141
128,55.0,-1.224609123866858
129,60.7,-0.8977481834452965
130,41.0,-1.5392213663687873
131,37.5,-1.393662851874148
132,30.7,1.5857449120792373
133,37.5,-0.7834441468211063
134,39.5,-1.842158242190152
135,42.2,-0.9296897241513873
136,20.8,0.2509779146540374
137,46.8,-1.1600347540189837
138,47.4,-0.7818055231348421
139,43.5,0.5507461200075805
140,42.5,-0.43679421057541223
141,51.4,-1.3007985396487314
142,28.9,0.8616625937757803
143,37.5,-0.800400306679871
144,40.1,-0.37442302081647444
145,28.4,0.7223673755861522
146,45.5,-1.1300931471762168
147,52.2,0.19235840182947567
148,43.2,-1.3314797269682432
149,45.1,3.906281933589009
150,39.7,-1.5283949119659632
151,48.5,-1.111827088597528
152,44.7,-1.6429376955377133
153,28.9,0.7411225730650494
154,40.9,-0.19421968874348272
155,20.7,3.957990616001703
156,15.6,3.9796327657014596
157,18.3,1.609961161106947
158,35.6,-0.49694388968354863
159,39.4,-1.1413194109031912
160,37.4,-0.5405598819635892
161,57.8,-0.8450876754964068
162,39.6,-0.46089093618348514
163,11.6,3.9019641497436384
164,55.5,-0.7150541001125332
165,55.2,0.19862341660413954
166,30.6,-0.4314837360395192
167,73.6,-1.3071539299842585
168,43.4,-1.3447484741756404
169,37.4,-0.5165210117096557
170,23.5,0.7134396329049262
171,14.4,4.227821457165857
172,58.8,-1.2370594522079865
173,58.1,-1.69726443721239
174,35.1,-1.197446062837997
175,45.2,-1.2874878797391072
176,36.5,-0.2924792087046056
177,19.2,4.20969139466549
178,42.0,-1.784054408179606
179,36.7,-0.7929949923601985
180,42.6,0.17730631880306674
181,15.5,4.086496511175889
182,55.9,-1.8431796090061159
183,23.6,1.5819587475843222
184,18.8,4.003417492698785
185,21.8,0.8731096681886827
186,21.5,0.6960607221115735
187,25.7,1.5783277049135358
188,22.0,0.9640449910513718
189,44.3,-1.656750952011592
190,20.5,3.9143746237216623
191,42.3,-1.283539639487618
192,37.8,-0.5261227751007499
193,42.7,-1.1172346367247237
194,49.3,-1.2843269035890688
195,29.3,3.8924222146271275
196,34.6,-0.0908627703277892
197,36.6,-0.7465710366787374
198,48.2,-1.2867812038614346
199,39.1,-1.0723422519368728
200,31.6,-1.2772293164744204
201,25.5,0.3138728462933131
202,45.9,-1.3746555657408552
203,31.5,-0.41681914862943875
204,46.1,-1.344414531928772
205,26.6,0.731439646065829
206,21.4,0.7288518747220968
207,44.0,-1.9019624077848323
208,34.2,-0.3669752932656442
209,26.2,0.6974667264219044
210,40.9,-1.5254746813672957
211,52.2,-1.1011786279805087
212,43.5,0.0036175522325546834
213,31.1,0.4418215795822377
214,58.0,-1.734695123443975
215,20.9,1.1978784332984966
216,48.1,-1.4027072048417761
217,39.7,0.09678209168669276
218,40.8,-1.241225470954262
219,43.8,-0.38068803559113834
220,40.2,-1.438023896754849
221,78.3,-1.7676451626400245
222,38.5,0.3909499944620893
223,48.5,-1.770890489348145
224,42.3,0.3846451253243211
225,46.0,-1.2423311798344023
226,49.0,-0.8174537263657337
227,12.8,3.9660266608303045
228,40.2,-1.6409998250685291
229,46.6,0.9638502353751547
230,19.0,1.5114058955019198
231,33.4,1.5857449120792373
232,14.7,3.9293148274653413
233,17.4,3.894702565624503
234,32.4,-1.7048755864419636
235,23.9,1.5201522253226447
236,39.3,-1.0724933368778171
237,61.9,-1.8967915078155995
238,39.0,0.480849065137278
239,40.6,0.47466375157081325
240,29.7,0.2870246952240332
241,28.8,1.3423367625524487
242,41.4,-1.0164270162566478
243,33.4,1.4687714038083197
244,48.2,-1.67431535095202
245,21.7,0.8429871050230917
246,40.8,-0.938779727885727
247,40.6,-0.7257616622016071
248,23.1,0.36247528899023534
249,22.3,0.257203075065597
250,15.0,5.1799034285891
251,30.0,-1.1447182674947662
252,13.8,1.462619051882544
253,52.7,-1.753370612196664
254,25.9,1.310457339397824
255,51.8,-1.354339494043299
256,17.4,4.780577831946358
257,26.5,-0.048723638636590405
258,43.9,0.18801338749588373
259,63.3,-1.3071539299842585
260,28.8,0.25585902376711167
261,30.7,0.6865483399704188
262,24.4,1.7445418034485412
263,53.0,-1.3257390431760838
264,31.7,1.5795197516676776
265,40.6,-1.1449788029241599
266,38.1,-0.5281095611404698
267,23.7,1.1729379297711442
268,41.1,-0.8117324243672349
269,40.1,-1.112226166327697
270,23.0,0.2496338633555521
271,117.5,0.019975797360512366
272,26.5,-1.3146201483429012
273,40.5,-0.4305690501638524
274,29.3,0.04082189568058521
275,41.0,-1.134619069672934
276,49.7,-1.1723900017486744
277,34.0,-0.11747715710552512
278,27.7,1.5970031936662237
279,44.0,-0.4211709421717677
280,31.1,0.9291661956856059
281,45.4,-0.8247464458388576
282,44.8,-1.6553880238788419
283,25.6,0.7682327165208049
284,23.5,0.6014413772818018
285,34.4,-1.1030166463073463
286,55.3,-0.31948686888162675
287,56.3,-1.7471055899039907
288,32.9,-0.11751701146862957
289,51.0,-1.2633186444668685
290,44.5,-1.293616874522667
291,37.0,0.20157126176142548
292,54.4,-0.6431973360553273
293,24.5,-0.03426742546511574
294,42.5,-1.120855193434843
295,38.1,-1.2647068376523303
296,21.8,1.5802439285880736
297,34.1,-0.8491410217075765
298,28.5,-0.6994884570053197
299,16.7,3.9910070187207602
300,46.1,-2.0682604237383355
301,36.9,-0.5470073093634508
302,35.7,0.1677606143965529
303,23.2,1.7694823069758934
304,38.4,0.2459860999204908
305,29.4,1.0924761924534308
306,55.0,-1.3133285767160687
307,50.2,0.04892820545097581
308,24.7,0.9531820333654242
309,53.0,-1.2883482113076026
310,19.1,1.5850605119426986
311,24.7,0.5504690080564051
312,42.2,-0.5804934718518606
313,78.0,-1.394238582669955
314,42.8,-0.7275044284536621
315,41.6,-1.0832058435186063
316,27.3,0.621814968626189
317,42.0,-1.0350626506462315
318,37.5,-0.21215310640734072
319,49.8,-1.8896793841814088
320,26.9,-0.20055228339568154
321,18.6,4.097789207880307
322,37.7,-0.794589579592608
323,33.1,0.01230869249981205
324,42.5,-1.3136863890400252
325,31.3,1.3104537200776585
326,38.1,-1.3194874242844792
327,62.1,-0.5933561758457176
328,36.7,-0.7240671126810319
329,23.6,0.8448028079960646
330,19.2,4.116544405359207
331,12.8,1.4735675763939347
332,15.6,4.206397269907647
333,39.6,-0.1805934696278388
334,38.4,-0.7711602750968073
335,22.8,-0.9993961377775648
336,36.5,-0.6782839991143276
337,35.6,0.6471185336857241
338,30.9,-0.8152602664957344
339,36.3,-1.4833021657937033
340,50.4,-1.304458486988594
341,42.9,0.16796548726860944
342,37.0,-0.5385731034418786
343,53.5,-1.765820933019783
344,46.6,-1.4302953549673014
345,41.2,1.1113312492528988
346,37.9,0.18609338705481177
347,30.8,1.3665200406988276
348,11.2,5.381726047059787
349,53.7,-1.3296042593627133
350,47.0,-0.7711602750968073
351,42.3,-0.41185370704806
352,28.6,1.555738537035333
353,25.7,1.9771216845047492
354,31.3,1.5857050577161327
355,30.1,0.7473078866315138
356,60.7,-1.224609123866858
357,45.3,-0.004829229922032245
358,44.9,-1.418782235656183
359,45.1,-0.8237187411403976
360,24.7,0.9056186808704391
361,47.1,-2.153214090447187
362,63.3,-1.401627043308806
363,40.0,-0.7548822735230879
364,48.0,-2.058598774916854
365,33.1,-1.1305515328235385
366,29.5,1.4944751074703788
367,24.8,0.777691266993352
368,20.9,1.4016770702772845
369,43.1,0.013067338712737487
370,22.8,1.5410165817712638
371,42.1,-1.3382690802434212
372,51.7,-0.18983013656372197
373,41.5,-1.0785674123484323
374,52.2,0.0036175522325546834
375,49.5,-1.1200533885487187
376,23.8,0.3918680820029216
377,30.5,1.362286692098948
378,56.8,-0.8139220115574947
379,37.4,-1.3251361350957285
380,69.7,-1.313418952276932
381,53.3,-1.2936965832488754
382,47.3,-1.8953332156966578
383,29.3,3.655293724813319
384,40.3,-0.8126372949595516
385,12.9,3.901924295380534
386,46.6,-2.125663671805929
387,55.3,0.19862341660413954
388,25.6,1.576195277397271
389,27.3,1.5747550348226051
390,67.7,-1.2929320802671418
391,38.6,-1.4950264286041173
392,31.3,0.8611447130484794
393,35.3,-1.1531375096627818
394,40.3,-0.7861276537062183
395,24.7,3.6114206887656546
396,42.5,-0.6109267256501042
397,31.9,-0.3147561747004418
398,32.2,-0.7661577351145855
399,23.0,1.362286692098948
400,37.3,0.0034310638121038644
401,35.5,-0.7772588407726511
402,27.7,1.5733007903668796
403,28.5,-0.0001416358413163306
404,39.7,-1.962481228077854
405,41.2,-1.2946132336002762
406,37.2,-0.4616747400738618
407,40.5,-1.1406090776973221
408,22.3,0.8681879946388539
409,28.1,1.5889388061254972
410,15.4,3.9671425829972264
411,50.0,-1.7657810786566785
412,40.6,-1.3475175579087961
413,52.5,-0.7524847863441188
414,63.9,-1.70348959762395
